ID,Name,Email,Product Title,Price,Quantity
1,Fred Kilback,vfadel@gmail.com,,,
,,,Janae Hegmann,61,5
,,,Ms. Shaniya Braun DVM,53,2
,,,Mose Vandervort,38,3
,,,Gerard Jacobs,16,2
,,,Prof. Roy Welch,65,3
2,Shawna Romaguera,florine11@kulas.com,,,
,,,Dr. Carey Block,84,4
,,,Prof. Wade Volkman,30,2
,,,Raymundo Gaylord,35,3
,,,Dr. Aracely Hoeger Jr.,17,5
,,,Deon Pfannerstill III,34,3
3,Dallin Gorczany,kbashirian@wunsch.com,,,
,,,Toby Windler MD,77,5
,,,Prof. Merle Bednar DDS,38,4
,,,Trenton Aufderhar,40,3
4,Joanny Weissnat,otho.walter@gmail.com,,,
,,,Alvah Vandervort,79,1
,,,Elinore Grady,82,3
5,Armand Bailey,qpurdy@gmail.com,,,
,,,Paula Olson,70,4
,,,Lawrence Pagac,68,4
,,,Miss Tressie Boehm,34,2
,,,Douglas Greenholt,100,2
,,,Miss Roberta Hintz,13,1
6,Ressie Ritchie,rreilly@rau.com,,,
,,,Kris Wyman DVM,78,1
,,,Vance Gleason Jr.,64,3
,,,Catherine Kerluke,31,1
7,Sincere Boehm,hazle97@kessler.com,,,
,,,Mariah Lebsack,24,4
,,,Dr. Erick Ferry I,55,3
,,,Wanda Friesen Sr.,22,3
8,Christ Schumm,rjakubowski@gmail.com,,,
,,,Dave Kemmer,91,4
,,,Bethel Ebert,74,3
9,Chaya Pfannerstill,streich.sonia@spencer.com,,,
,,,Mrs. Lilyan Erdman,59,5
,,,Dr. German Kerluke I,74,4
,,,Mr. Silas Oberbrunner,63,1
10,Teresa Conroy,jakayla.graham@christiansen.com,,,
,,,Britney Larson,78,3
,,,Dr. Chris Jerde II,82,4
11,Josianne Turcotte,preilly@gmail.com,,,
,,,Madison Kshlerin,32,4
,,,Giles Pfeffer,81,4
,,,Ms. Charlotte Rice,81,3
,,,Mr. Leonard DuBuque Sr.,12,3
,,,Calista Roberts,26,1
12,Selina Mueller,olubowitz@mccullough.net,,,
,,,Erika Lang,59,4
,,,Gillian Grimes,46,5
13,Karelle Hartmann,haylie75@lind.info,,,
,,,Dr. Natasha Smitham PhD,21,5
14,Monserrat Kuhn,eryn20@leannon.info,,,
,,,Vivienne Quitzon,73,5
,,,Armani Reynolds,29,4
,,,Manuel Mann,100,2
,,,Avis Mann,53,1
15,Jaycee Kutch,mekhi98@gmail.com,,,
,,,Oren Schaden,27,4
16,Kendrick Hahn,julio.homenick@yahoo.com,,,
,,,Sadye Bergstrom,57,5
,,,Rose Smith III,66,4
,,,Horacio Hickle,75,3
,,,Gerson Bogan,66,2
17,Tyrel Fahey,cboyer@kshlerin.com,,,
,,,Mr. Elliott Crooks,76,5
18,Golden Ratke,justina59@hotmail.com,,,
,,,Jamil Goodwin,50,5
19,Ofelia Bernier,candida.durgan@gmail.com,,,
,,,Erica Schuster,46,2
,,,Adrienne Treutel,93,2
,,,Theresa Morissette II,94,2
,,,Mr. Darrick Bradtke,60,2
,,,Jefferey Gusikowski,35,1
20,Catharine Zemlak,antonio86@yahoo.com,,,
,,,Dane Grimes,38,4
21,Hassie Wintheiser,smitham.freddy@gmail.com,,,
,,,Gideon Cole,40,1
,,,Horacio Anderson,71,2
,,,Darren Steuber,77,2
,,,Manuel Bernier,70,5
,,,Dorothy Wuckert,95,3
22,Raul Kuhlman,pfeffer.lamont@gmail.com,,,
,,,Lura Zboncak Sr.,86,1
,,,Rebeca Wuckert I,56,4
,,,Tyree Zemlak,87,5
23,Garett Hessel,akeem.lindgren@swift.net,,,
,,,Hillard Oberbrunner,69,2
24,Keaton Stehr,vwisoky@schimmel.com,,,
,,,Marielle Goodwin IV,15,2
,,,Chase Reichert DVM,72,4
25,Zander Buckridge,adolf.schinner@romaguera.net,,,
,,,Isabelle Hayes,42,2
,,,Kelli Mante,20,1
26,Amos Wilderman,mgutkowski@bins.com,,,
,,,Donnell Orn,57,5
,,,Dr. Jairo Swaniawski PhD,82,1
,,,Prof. Kaia Berge PhD,78,2
,,,Amely Cummings,81,3
,,,Sylvia Farrell,56,4
27,Amalia Metz,ondricka.khalil@yahoo.com,,,
,,,Dr. Antwan Waters DVM,83,2
,,,Hubert Rath,28,1
,,,Vilma Lemke,10,2
28,Bulah Cruickshank,preston50@mcdermott.com,,,
,,,Merl Reichel,31,1
,,,Ora Kilback,99,4
,,,Mr. Jared Durgan IV,55,4
29,Jan Swaniawski,simonis.will@hotmail.com,,,
,,,Estelle Barton,28,5
,,,Maeve Cummings,70,4
,,,Prof. Rhiannon Bogan I,98,3
30,Cloyd Schultz,aubree22@marquardt.com,,,
,,,Sunny Harber,91,3
,,,Dr. Ezequiel Schmeler,17,4
,,,Lora Ritchie,97,3
,,,Germaine Glover,49,5
,,,Emerald Jaskolski,86,5